cm	mL	mL/s	ntu	cu
26.1	250	0.659090909	1.2	2
34.1	400	0.955882353	4	7
41	600	1.205882353	6	21