log	e
-0.602059991	1.1
-0.301029996	1.085
0	1.055
0.301029996	1.01
0.602059991	0.94
0.903089987	0.79
1.204119983	0.63
