x1_mod	y1
10.132	13.98976531
10.102	14.76133154
10.092	15.01852028