w	cbr	soaked
8.14	32.241	21.494
16.17	16.87573333	11.25048889
26.4	0.435426667	0.290284444