w	cbr	soaked
8.138351984	3.2241	2.1494
16.16881865	1.778233333	1.185488889
26.39744289	0.051306667	0.034204444