x2_mod	y2
10.087	14.12762694
10.082	14.43146018
10.082	14.43146018
10.077	14.21277074
10.072	14.34136511
10.072	14.34136511
10.052	14.50528294
10.042	14.41591645
10.047	14.98433696